{
  "integrations": [
    {
      "id": "609aa345-6a47-475e-bff8-e6b816df15ab",
      "name": "Inbound - SiteScope",
      "action": "CREATE_EVENT",
      "type": "INBOUND_WEBHOOK",
      "deployed": true,
      "form": "cb6a700d-11bd-47b8-961c-a4de20fec833",
      "script": "var payload = JSON.parse(request.body);\n\nvar json = {};\njson.properties = payload;\njson.recipients = [{\n  \"targetName\": \"ENTER_TARGET_NAME_HERE\"\n}];",
      "environment": "HOSTED"
    }
  ],
  "endpoints": [],
  "constants": []
}